{
  "model_type": "neurx_linear_judge",
  "version": 1,
  "trained_at": "2026-03-31T15:21:50.528677+00:00",
  "feature_names": [
    "title_score",
    "abstract_score",
    "claim_score",
    "keyword_hits",
    "matched_count",
    "token_count",
    "lexical_score",
    "semantic_score",
    "lexical_norm",
    "semantic_norm",
    "reranker_score"
  ],
  "feature_means": [
    0.8,
    0.8,
    0.4666666666666667,
    2.3333333333333335,
    1.9333333333333333,
    3.7333333333333334,
    10.866666666666667,
    0.2989105938756731,
    0.4027845479888491,
    0.4399371447722714,
    0.42394647215351916
  ],
  "feature_stds": [
    1.0456258094238748,
    0.8326663997864532,
    0.8055363982396383,
    2.4675674031095665,
    1.4817407180595246,
    0.4422166387140533,
    11.848300393821141,
    0.2748381458698068,
    0.42862512070472264,
    0.40140982919770596,
    0.42803108929012995
  ],
  "weights": [
    0.8020281081900651,
    0.31556051354349757,
    0.6210382177013363,
    0.9888979798842387,
    1.123412415858049,
    -0.40322610238784373,
    1.2376965415446985,
    0.34903775810869625,
    0.9697277945852484,
    -0.06121005955798414,
    0.8714076258314947
  ],
  "bias": -2.0014224175453266,
  "activation": "sigmoid",
  "risk_threshold": 0.5,
  "positive_rel_threshold": 2.0,
  "metrics": {
    "accuracy": 1.0,
    "precision": 1.0,
    "recall": 1.0,
    "f1": 1.0,
    "auc": 1.0,
    "confusion_matrix": {
      "tp": 5,
      "fp": 0,
      "tn": 10,
      "fn": 0
    },
    "samples": 15,
    "positive_ratio": 0.3333333333333333,
    "train_mse": 4.2210173347475355e-05,
    "candidate_k": 24
  }
}
